shipment_id,store_id,supplier_id,order_date,arrival_date,num_pallet,cost
3412065,3892656,2248555,2000-01-01,2000-01-02,6777818,87785.99
4725733,8677166,138572,2000-01-01,2000-01-02,1858996,4875.75
6274591,2550558,488134,2000-01-01,2000-01-02,6981038,2389.81
3898301,8647726,763954,2000-01-01,2000-01-02,3611710,89130.08
156434,1588029,4159113,2000-01-01,2000-01-02,6847677,22001.86
7472273,8062967,9202575,2000-01-01,2000-01-02,1398546,84936.26
5853548,4348798,6032165,2000-01-01,2000-01-02,2949820,28079.32
616807,6808922,2577289,2000-01-01,2000-01-02,4607013,22185.68
4435219,2650916,9907073,2000-01-01,2000-01-02,1898700,33362.61
415518,940723,6964629,2000-01-01,2000-01-02,2183368,50907.16
3770550,2640581,6308354,2000-01-01,2000-01-02,4912082,29118.36
9574697,1917616,666503,2000-01-01,2000-01-02,7998345,34495.77
2775531,3105143,3081622,2000-01-01,2000-01-02,3061186,71225.34
1639906,1588029,8713304,2000-01-01,2000-01-02,6981379,26329.92
1793337,197442,3475557,2000-01-01,2000-01-02,3614881,49629.03
1404401,1588029,305332,2000-01-01,2000-01-02,9663205,99841.97
5911673,1917616,4349574,2000-01-01,2000-01-02,2126697,11175.01
1455980,940723,978183,2000-01-01,2000-01-02,6063342,90497.52
5155165,1870967,9306290,2000-01-01,2000-01-02,2817377,92012.03
4364923,6621185,9886250,2000-01-01,2000-01-02,7052920,70562.41
8546253,7586710,3153791,2000-01-01,2000-01-02,7634672,17013.93
7662214,5237032,2175568,2000-01-01,2000-01-02,2614685,97391.82
2664005,7971623,4349574,2000-01-01,2000-01-02,4092798,33323.91
2849242,7322980,9716720,2000-01-01,2000-01-02,8420655,16341.90
9709527,2529135,1185992,2000-01-01,2000-01-02,6052741,55172.31
2373088,857777,1700020,2000-01-01,2000-01-02,9292379,73221.90
1814015,9457182,3610600,2000-01-01,2000-01-02,1793059,12944.18
7429634,7586710,3201025,2000-01-01,2000-01-02,2092494,68039.12
3819915,6621185,7015453,2000-01-01,2000-01-02,4865851,51009.86
1784696,517759,1600986,2000-01-01,2000-01-02,6055112,21157.74
6774395,3386554,1119153,2000-01-01,2000-01-02,7882241,99330.64
4066159,5918329,3650691,2000-01-01,2000-01-02,8880984,54831.19
8144797,5918329,3363118,2000-01-01,2000-01-02,1761914,98290.11
4493968,857777,3974589,2000-01-01,2000-01-02,8390984,50083.16
5954459,517759,3180546,2000-01-01,2000-01-02,6547342,27151.03
978050,9457182,8975497,2000-01-01,2000-01-02,4238555,89616.75
3870601,5533035,4185923,2000-01-01,2000-01-02,4982779,605.23
7203635,3105143,6202328,2000-01-01,2000-01-02,1635247,41287.86
6309062,7972876,3741654,2000-01-01,2000-01-02,6391640,45869.62
4513922,9397254,7265535,2000-01-01,2000-01-02,9744577,39816.04
806439,7971623,4031863,2000-01-01,2000-01-02,1871744,12128.69
1316769,8407096,3508495,2000-01-01,2000-01-02,882805,29332.86
2439201,8647726,3420828,2000-01-01,2000-01-02,1461380,35839.35
5747730,1583966,5994761,2000-01-01,2000-01-02,1136872,44094.86
5136232,5579940,4245558,2000-01-01,2000-01-02,1273758,26367.08
4455544,5108124,1215224,2000-01-01,2000-01-02,9197639,51882.74
7815885,558573,767864,2000-01-01,2000-01-02,2018636,46285.38
3253169,8647726,3974589,2000-01-01,2000-01-02,8557876,9483.96
5781787,9457182,8975497,2000-01-01,2000-01-02,3269815,93332.50
5894611,6808922,4731934,2000-01-01,2000-01-02,2977882,13110.38
401833,197442,3610600,2000-01-01,2000-01-02,7997662,63667.15
2157456,8407096,2942487,2000-01-01,2000-01-02,515781,37322.38
773502,7196942,5994761,2000-01-01,2000-01-02,4494645,79772.11
7072384,5601900,9346829,2000-01-01,2000-01-02,3250601,7697.64
254256,2650916,1360212,2000-01-01,2000-01-02,4757654,20000.52
7420784,8677166,3253497,2000-01-01,2000-01-02,9167906,24243.52
1275170,5456727,7265535,2000-01-01,2000-01-02,388053,22301.03
9628792,3637415,2744065,2000-01-01,2000-01-02,6113743,15764.43
8333410,6113609,2815596,2000-01-01,2000-01-02,7199475,56490.28
9190708,197442,9631956,2000-01-01,2000-01-02,1213060,75407.57
9085170,6621185,3448899,2000-01-01,2000-01-02,3348465,33532.60
1785614,2993726,3650691,2000-01-01,2000-01-02,4710106,93048.82
3177917,2993726,1600986,2000-01-01,2000-01-02,1795259,54626.47
8521525,7972876,3081622,2000-01-01,2000-01-02,7864621,58436.79
419679,5533035,3448899,2000-01-01,2000-01-02,2380403,15660.69
9018261,1870967,4299978,2000-01-01,2000-01-02,5491631,62806.67
2709806,1001094,305332,2000-01-01,2000-01-02,3701541,69572.17
913630,4332756,1206915,2000-01-01,2000-01-02,8255893,57910.94
8556551,8647726,2146872,2000-01-01,2000-01-02,9849412,86183.97
4163516,9397254,3773861,2000-01-01,2000-01-02,6911752,59841.93
3340680,517759,7045735,2000-01-01,2000-01-02,4513054,23680.94
581241,7972876,9346829,2000-01-01,2000-01-02,6451310,14207.36
6913338,5844922,6758873,2000-01-01,2000-01-02,5111229,78787.66
8431801,4663126,9047596,2000-01-01,2000-01-02,931687,51273.16
3421783,2804461,5994761,2000-01-01,2000-01-02,4624357,87951.90
2209637,8628567,305332,2000-01-01,2000-01-02,8472677,84980.18
3418678,3857527,1600986,2000-01-01,2000-01-02,9588918,29597.73
7205345,929998,6101202,2000-01-01,2000-01-02,2601815,42478.32
5555333,5237032,3480959,2000-01-01,2000-01-02,5591069,98431.02
6977978,197442,7240613,2000-01-01,2000-01-02,3547711,67286.79
2269864,4663126,7795843,2000-01-01,2000-01-02,6887522,75309.42
7193656,7322980,1339337,2000-01-01,2000-01-02,197976,1475.92
3682838,558573,7127487,2000-01-01,2000-01-02,6759760,7336.36
3263208,6113609,6930780,2000-01-01,2000-01-02,1485948,33278.21
4659164,857777,6786781,2000-01-01,2000-01-02,5776611,38978.60
6114564,1001094,9632811,2000-01-01,2000-01-02,2369479,85412.20
1386450,3892656,6081879,2000-01-01,2000-01-02,3764790,75478.60
1644570,9726580,1206915,2000-01-01,2000-01-02,6006844,44655.84
2805652,7322980,9807483,2000-01-01,2000-01-02,9598280,24171.43
2535836,5844922,217437,2000-01-01,2000-01-02,3555796,17186.32
8224509,4556743,7015453,2000-01-01,2000-01-02,3283717,54492.51
1725260,5384109,6799869,2000-01-01,2000-01-02,7627073,67527.21
1727597,2774009,763954,2000-01-01,2000-01-02,1707711,29075.82
8264028,2176886,1206915,2000-01-01,2000-01-02,496644,76161.64
6725272,2087572,8990400,2000-01-01,2000-01-02,8666253,53818.44
1617348,9397254,8975497,2000-01-01,2000-01-02,9118150,63018.73
6872521,9684309,4036435,2000-01-01,2000-01-02,2411076,47842.37
3786246,6925456,3234823,2000-01-01,2000-01-02,3777485,30873.01
6613167,8677166,2450832,2000-01-01,2000-01-02,6854222,22105.72
2535770,2176886,7240613,2000-01-01,2000-01-02,376113,48431.38
2285429,3757650,4688151,2000-01-01,2000-01-02,6228033,67866.34
5324701,3637415,7275987,2000-01-01,2000-01-02,2430425,78342.83
4358956,558573,4074894,2000-01-01,2000-01-02,7856940,10163.26
5840833,4403503,1018603,2000-01-01,2000-01-02,8522891,1616.23
9991139,3892656,4292243,2000-01-01,2000-01-02,9782355,10824.35
6731736,7971623,3974589,2000-01-01,2000-01-02,1054835,505.82
2064703,9457182,8867291,2000-01-01,2000-01-02,2470238,24776.96
5184596,5108124,3201025,2000-01-01,2000-01-02,2306873,33116.01
2214804,8407096,5103253,2000-01-01,2000-01-02,8851950,47878.93
6873797,4663126,7905930,2000-01-01,2000-01-02,1357909,17158.33
3524297,929998,7265535,2000-01-01,2000-01-02,7785497,99022.42
7814441,5715646,3448899,2000-01-01,2000-01-02,4892369,98541.96
9298664,9726580,2566920,2000-01-01,2000-01-02,3582348,21015.18
755348,2804461,2317009,2000-01-01,2000-01-02,2590409,91203.13
9995852,558573,3480959,2000-01-01,2000-01-02,8285066,52370.37
707858,9684309,6765565,2000-01-01,2000-01-02,7141995,6043.89
2725585,9181854,2888702,2000-01-01,2000-01-02,4028375,33722.73
6484144,4348798,1910982,2000-01-01,2000-01-02,2107699,7175.87
2869359,5456727,8934919,2000-01-01,2000-01-02,6097843,34191.34
9179766,197442,9306290,2000-01-01,2000-01-02,5860888,58108.46
7326646,4332756,8349155,2000-01-01,2000-01-02,4392710,35679.25
4047216,5715646,6125198,2000-01-01,2000-01-02,5493488,47512.55
5689111,1588029,6081879,2000-01-01,2000-01-02,7277023,69046.99
5796595,2650916,1175038,2000-01-01,2000-01-02,6687376,77140.54
5118921,4348798,4731934,2000-01-01,2000-01-02,1574797,5110.73
4084146,5715646,3201025,2000-01-01,2000-01-02,3885736,27213.56
4020310,5715646,9421765,2000-01-01,2000-01-02,524523,34716.12
1470465,9397254,8440600,2000-01-01,2000-01-02,6331005,72433.44
3213211,2176886,8330706,2000-01-01,2000-01-02,9615184,94144.92
2393497,3892656,6057628,2000-01-01,2000-01-02,8517963,43510.17
246597,5302916,8440600,2000-01-01,2000-01-02,6587205,36447.12
5010065,197442,5919331,2000-01-01,2000-01-02,4032925,87187.40
435071,6587471,7817777,2000-01-01,2000-01-02,1201893,83482.93
4209372,4663126,7242128,2000-01-01,2000-01-02,4143233,40538.27
9352776,5302916,2599264,2000-01-01,2000-01-02,1725852,49013.92
9755762,929998,3253497,2000-01-01,2000-01-02,3937057,10078.61
1907426,7501536,1255153,2000-01-01,2000-01-02,7764106,45322.22
9173289,3757650,7963673,2000-01-01,2000-01-02,729738,90921.88
1766722,1167756,8481621,2000-01-01,2000-01-02,2689685,14233.11
9680243,2087572,4457607,2000-01-01,2000-01-02,1990771,26370.72
1417340,5918329,2083164,2000-01-01,2000-01-02,2307031,81714.93
8079557,5844922,2888702,2000-01-01,2000-01-02,6270917,65116.69
4901338,7972876,7556731,2000-01-01,2000-01-02,2781539,60734.32
6868247,2250469,4185923,2000-01-01,2000-01-02,5748789,39689.76
7287170,9397254,8975497,2000-01-01,2000-01-02,3797345,99363.32
4489618,1917616,8440600,2000-01-01,2000-01-02,3329286,39499.73
5804377,5108124,2982422,2000-01-01,2000-01-02,7780351,86792.46
6299745,5094376,8308880,2000-01-01,2000-01-02,8951228,45495.34
2439951,4663126,6754038,2000-01-01,2000-01-02,6493887,80359.85
5140129,8677166,9419454,2000-01-01,2000-01-02,3511106,12312.18
4375842,5302916,9866808,2000-01-01,2000-01-02,6470324,26786.71
6609447,5108124,5994761,2000-01-01,2000-01-02,2168136,21408.50
4095364,5601900,4292243,2000-01-01,2000-01-02,6367912,58339.75
1946998,8459713,6062424,2000-01-01,2000-01-02,478193,86725.61
688360,1001094,1215224,2000-01-01,2000-01-02,6573613,76082.18
1934343,9457182,2083164,2000-01-01,2000-01-02,4639571,9503.38
9147222,2650916,9534817,2000-01-01,2000-01-02,298002,79060.24
9091096,2176886,3610600,2000-01-01,2000-01-02,3497151,29346.96
9227638,7322980,6032165,2000-01-01,2000-01-02,9724286,73397.53
9030892,2250469,8896296,2000-01-01,2000-01-02,339053,58787.41
104041,6493336,9068430,2000-01-01,2000-01-02,7999577,5785.05
1097897,2939981,3611308,2000-01-01,2000-01-02,1705569,12922.72
2541824,2939981,9534817,2000-01-01,2000-01-02,21706,59609.82
9667655,9181854,2888702,2000-01-01,2000-01-02,295364,10719.82
2677542,8650274,1034222,2000-01-01,2000-01-02,7540342,81348.32
5126456,476026,6765565,2000-01-01,2000-01-02,9644310,88996.29
4361098,7586710,4245558,2000-01-01,2000-01-02,7093080,69367.54
1767335,8647726,8330706,2000-01-01,2000-01-02,767612,8965.27
2038622,7196942,8802085,2000-01-01,2000-01-02,200038,3411.65
3914074,2529135,9299764,2000-01-01,2000-01-02,3425562,61723.60
8940369,2774009,6051952,2000-01-01,2000-01-02,8614950,97771.33
8673759,9726580,9613470,2000-01-01,2000-01-02,8955399,44681.76
4634701,6925456,2317009,2000-01-01,2000-01-02,8353559,75342.10
7810436,5533035,8330706,2000-01-01,2000-01-02,3980468,37814.25
481408,517759,8330706,2000-01-01,2000-01-02,8305080,25596.41
5768651,6493336,8244343,2000-01-01,2000-01-02,6736142,46423.05
3805054,2774009,2987982,2000-01-01,2000-01-02,3561580,32178.52
667233,2993726,978183,2000-01-01,2000-01-02,9182294,24962.54
6025258,6621185,3657525,2000-01-01,2000-01-02,3937909,17682.89
6695119,5456727,1497630,2000-01-01,2000-01-02,7649118,13858.69
3468238,517759,8440600,2000-01-01,2000-01-02,4263012,40051.67
6688168,558573,5312163,2000-01-01,2000-01-02,9009987,22340.04
2217109,2250469,7161787,2000-01-01,2000-01-02,8839833,62285.14
8253274,157563,2344260,2000-01-01,2000-01-02,1596688,19476.44
8450930,4332756,1812989,2000-01-01,2000-01-02,4056812,3135.22
3721454,1583966,1206915,2000-01-01,2000-01-02,1775122,31673.55
9511684,2550558,1339337,2000-01-01,2000-01-02,7599617,77596.95
3785107,197442,2859126,2000-01-01,2000-01-02,5831500,88450.15
7534789,5715646,2146872,2000-01-01,2000-01-02,503414,42674.64
4375750,2804461,7127487,2000-01-01,2000-01-02,301273,24893.69
5052378,6621185,5672839,2000-01-01,2000-01-02,2496291,19236.60
278574,8647726,138572,2000-01-01,2000-01-02,2915998,32171.28
8153894,4348798,6710711,2000-01-01,2000-01-02,9437073,88023.19
7942491,2939981,7240613,2000-01-01,2000-01-02,2484894,54994.70
918768,9457182,3234823,2000-01-01,2000-01-02,7615940,44105.98
4556448,5844922,4709965,2000-01-01,2000-01-02,9961964,54288.16
8969722,940723,3741654,2000-01-01,2000-01-02,464367,38364.53
654958,5533035,4299978,2000-01-01,2000-01-02,4519837,58093.12
404207,5302916,2146872,2000-01-01,2000-01-02,7725915,58809.82
2779320,6493336,4245558,2000-01-01,2000-01-02,2437065,910.07
3767048,4403503,1114381,2000-01-01,2000-01-02,9419775,83579.15
6781184,6621185,3597923,2000-01-01,2000-01-02,7376273,25220.42
697881,1870967,1497630,2000-01-01,2000-01-02,5891291,57187.65
4930806,929998,5947658,2000-01-01,2000-01-02,9756765,25668.87
8116199,3892656,6125198,2000-01-01,2000-01-02,6321205,38446.40
1546483,4332756,8868926,2000-01-01,2000-01-02,6238585,72510.68
8184048,8628567,3773861,2000-01-01,2000-01-02,3326927,5613.79
2285611,2087572,9047596,2000-01-01,2000-01-02,2485317,3181.95
9877859,4154800,2982422,2000-01-01,2000-01-02,6577125,99578.76
4657832,5918329,9807483,2000-01-01,2000-01-02,9263595,20086.16
8925683,6808922,5947658,2000-01-01,2000-01-02,4214008,50187.42
119968,5456727,2508328,2000-01-01,2000-01-02,4524916,87691.53
1650678,9684309,9346829,2000-01-01,2000-01-02,8443100,2771.67
6714474,7196942,6758873,2000-01-01,2000-01-02,4538608,17977.34
8151631,5601900,8147453,2000-01-01,2000-01-02,5798192,3968.63
1359305,4332756,1432624,2000-01-01,2000-01-02,1602066,22636.90
2961066,929998,8969507,2000-01-01,2000-01-02,8462102,13748.60
6413911,2804461,6032165,2000-01-01,2000-01-02,9963654,57467.67
4363998,558573,7518649,2000-01-01,2000-01-02,7011593,18858.87
8552642,2993726,4920069,2000-01-01,2000-01-02,460901,5002.19
6025889,5844922,6379260,2000-01-01,2000-01-02,6718787,93165.90
6596281,2650916,3741654,2000-01-01,2000-01-02,5362350,5673.60
1710607,476026,2175568,2000-01-01,2000-01-02,9427255,93181.52
9776987,3637415,217437,2000-01-01,2000-01-02,7315980,25006.48
2227070,8650274,2508328,2000-01-01,2000-01-02,499221,14674.48
7700994,3857527,1215224,2000-01-01,2000-01-02,1274,61132.30
5073977,5579940,1029590,2000-01-01,2000-01-02,3104061,4559.31
488318,6493336,8147453,2000-01-01,2000-01-02,9282207,18493.74
3322948,2087572,3657525,2000-01-01,2000-01-02,1175667,73328.49
8433754,8459713,9807483,2000-01-01,2000-01-02,1113509,49630.68
6957547,4332756,756006,2000-01-01,2000-01-02,4451370,51341.63
4966501,517759,8713304,2000-01-01,2000-01-02,6085287,68854.61
7066124,3637415,6930780,2000-01-01,2000-01-02,8047548,28136.63
721201,6493336,7258277,2000-01-01,2000-01-02,8007055,94956.38
9705144,476026,9670329,2000-01-01,2000-01-02,1994944,67291.54
5336144,5601900,6032165,2000-01-01,2000-01-02,8555117,66334.83
1845288,5384109,1600986,2000-01-01,2000-01-02,2694430,56393.95
1816209,5108124,6758873,2000-01-01,2000-01-02,2152783,73489.72
2316000,5302916,1119153,2000-01-01,2000-01-02,7354499,23204.79
9110476,9684309,3462498,2000-01-01,2000-01-02,1505720,44720.25
7203342,5601900,5947658,2000-01-01,2000-01-02,6802373,34031.46
2268690,1917616,8802085,2000-01-01,2000-01-02,7617261,53834.72
6629009,6808922,106088,2000-01-01,2000-01-02,6902325,98697.41
632597,3757650,4159113,2000-01-01,2000-01-02,7073516,38022.29
6713234,2550558,3911047,2000-01-01,2000-01-02,6516370,32277.16
3512071,8677166,7258277,2000-01-01,2000-01-02,7570825,82607.59
3111782,2087572,3180546,2000-01-01,2000-01-02,4006404,50446.97
4395609,5384109,5672839,2000-01-01,2000-01-02,1496300,63730.63
6542121,6621185,3475557,2000-01-01,2000-01-02,8995854,80800.69
4357398,5533035,6622962,2000-01-01,2000-01-02,3026034,65277.22
2286471,9397254,3136646,2000-01-01,2000-01-02,9643702,23756.80
8649415,2804461,3597923,2000-01-01,2000-01-02,1759114,87672.35
2604372,2804461,1222117,2000-01-01,2000-01-02,9676785,52267.65
9567865,8647726,3420828,2000-01-01,2000-01-02,8354560,14312.94
5691290,8160525,2059481,2000-01-01,2000-01-02,1651240,26411.45
6864927,2529135,4395915,2000-01-01,2000-01-02,7179795,31252.35
8134327,6925456,5200610,2000-01-01,2000-01-02,4251899,71381.75
3811023,6621185,3653980,2000-01-01,2000-01-02,2428463,82053.43
6904822,5579940,1222117,2000-01-01,2000-01-02,8016245,65772.72
6636254,6113609,4709965,2000-01-01,2000-01-02,6907894,55125.76
8477610,4556743,418493,2000-01-01,2000-01-02,2105423,50098.10
1092858,9397254,9907073,2000-01-01,2000-01-02,6268196,71830.75
5838077,3757650,3136646,2000-01-01,2000-01-02,3656690,52502.35
3503447,6925456,6964629,2000-01-01,2000-01-02,263718,56457.53
6264538,1917616,1339337,2000-01-01,2000-01-02,3218227,65591.37
5049675,476026,5200610,2000-01-01,2000-01-02,1015509,55067.74
435428,476026,2859126,2000-01-01,2000-01-02,4079063,13879.21
9998061,6113609,9670329,2000-01-01,2000-01-02,5003042,17611.94
8853779,3757650,3136646,2000-01-01,2000-01-02,3727481,63869.26
6947812,9684309,6964629,2000-01-01,2000-01-02,239878,82108.58
3552115,3386554,2059481,2000-01-01,2000-01-02,6664155,17152.80
4040998,197442,6944540,2000-01-01,2000-01-02,8036842,47640.73
6771202,8459713,4232612,2000-01-01,2000-01-02,6287536,52081.05
7804728,5384109,4395915,2000-01-01,2000-01-02,8455439,43566.33
6344555,4403503,4731934,2000-01-01,2000-01-02,4610233,79187.02
2303855,6925456,6765565,2000-01-01,2000-01-02,8814726,52732.17
6440053,1588029,6964629,2000-01-01,2000-01-02,4232701,60011.32
4128282,8628567,7817402,2000-01-01,2000-01-02,5427439,60193.87
3259441,6621185,7242128,2000-01-01,2000-01-02,1494788,60404.43
4973341,8407096,525441,2000-01-01,2000-01-02,20935,23718.62
5863335,7322980,850442,2000-01-01,2000-01-02,1515222,65389.66
208212,4556743,9716720,2000-01-01,2000-01-02,9400136,77775.28
6917352,3757650,7556731,2000-01-01,2000-01-02,1244078,40437.36
9915053,6113609,5467530,2000-01-01,2000-01-02,946682,90761.59
2158453,4332756,4071317,2000-01-01,2000-01-02,6095502,28328.99
2955597,8160525,4457607,2000-01-01,2000-01-02,6141129,41028.39
6225830,6925456,3301853,2000-01-01,2000-01-02,222698,18338.72
110608,2176886,1076929,2000-01-01,2000-01-02,6542227,5920.60
8798162,8628567,3475557,2000-01-01,2000-01-02,7830750,55081.39
2258747,8459713,2140979,2000-01-01,2000-01-02,4567002,80139.21
5536957,5579940,4185923,2000-01-01,2000-01-02,4420275,38136.87
1782616,2993726,8224603,2000-01-01,2000-01-02,5451781,53125.44
8367937,5918329,936866,2000-01-01,2000-01-02,7114583,20242.43
3873268,2650916,1600986,2000-01-01,2000-01-02,2361768,17454.68
6958659,6587471,9047596,2000-01-01,2000-01-02,3979425,67073.56
7165362,857777,4884775,2000-01-01,2000-01-02,3834821,6643.08
4666461,517759,3786235,2000-01-01,2000-01-02,100515,40579.09
3866133,1167756,3180546,2000-01-01,2000-01-02,7921922,61025.10
4887698,6493336,6101202,2000-01-01,2000-01-02,9871842,46414.84
2270736,8160525,978183,2000-01-01,2000-01-02,3927674,26685.54
101933,5715646,6841518,2000-01-01,2000-01-02,3373916,54725.76
7471051,5844922,9366948,2000-01-01,2000-01-02,7535117,6605.51
4372816,3105143,3448899,2000-01-01,2000-01-02,2181206,4729.20
6500560,8160525,1215224,2000-01-01,2000-01-02,4474118,34797.81
8520965,6925456,8330706,2000-01-01,2000-01-02,2109123,345.45
9229654,517759,6308354,2000-01-01,2000-01-02,6751813,86220.00
465684,857777,1185992,2000-01-01,2000-01-02,2850939,69574.15
3558308,5384109,2926642,2000-01-01,2000-01-02,2011570,18032.25
6818848,7972876,7015453,2000-01-01,2000-01-02,1677190,8507.40
3765786,929998,2120370,2000-01-01,2000-01-02,2960920,60228.80
8137916,2087572,1031883,2000-01-01,2000-01-02,5300099,86168.54
7146385,5601900,2815596,2000-01-01,2000-01-02,2341952,31307.37
7244485,2176886,9306290,2000-01-01,2000-01-02,367809,40325.01
9888612,5094376,6964629,2000-01-01,2000-01-02,5484278,52370.11
9822439,8650274,9886250,2000-01-01,2000-01-02,4945060,75421.95
2830313,3892656,2059481,2000-01-01,2000-01-02,8882730,93784.61
2626142,9726580,2433540,2000-01-01,2000-01-02,8186825,84944.39
5553312,1001094,7240613,2000-01-01,2000-01-02,2286457,76588.71
9471651,8647726,936866,2000-01-01,2000-01-02,3736967,12941.44
3040820,6621185,2599264,2000-01-01,2000-01-02,7610856,70197.69
2211015,5302916,8868926,2000-01-01,2000-01-02,5297495,40078.20
6825197,8628567,4920069,2000-01-01,2000-01-02,8333145,79409.41
7971046,4663126,2815596,2000-01-01,2000-01-02,1825080,14200.48
3143861,3637415,6927611,2000-01-01,2000-01-02,2855870,17479.07
2382816,9397254,3659393,2000-01-01,2000-01-02,2643408,60643.09
6151445,1583966,4349574,2000-01-01,2000-01-02,5826045,13367.70
9085821,5533035,7105233,2000-01-01,2000-01-02,462019,45651.53
3476852,4332756,2599264,2000-01-01,2000-01-02,1224541,83181.08
7247101,929998,9560987,2000-01-01,2000-01-02,9250719,29986.68
4618823,5918329,1591248,2000-01-01,2000-01-02,6268912,26713.82
2575885,5302916,2566920,2000-01-01,2000-01-02,8858395,83474.76
7579479,6113609,2450832,2000-01-01,2000-01-02,6138664,83223.06
6646934,197442,8746475,2000-01-01,2000-01-02,8108563,51433.93
1178012,1001094,842242,2000-01-01,2000-01-02,198739,81635.79
2267382,2650916,763954,2000-01-01,2000-01-02,1324470,9163.81
5520478,5579940,3611308,2000-01-01,2000-01-02,7360998,78701.58
1550789,8650274,7265535,2000-01-01,2000-01-02,3926364,51580.52
3430857,8062967,6927611,2000-01-01,2000-01-02,7916028,54550.00
3941598,8628567,8147453,2000-01-01,2000-01-02,5479125,51762.56
6485793,3105143,4232612,2000-01-01,2000-01-02,3518807,31717.68
6956724,9457182,4688151,2000-01-01,2000-01-02,3302516,90111.45
9509546,1167756,6944540,2000-01-01,2000-01-02,8547438,89795.68
5841699,7196942,7187075,2000-01-01,2000-01-02,4053044,25403.71
3278129,3857527,3234823,2000-01-01,2000-01-02,8607680,14468.48
5700061,8677166,3136646,2000-01-01,2000-01-02,2432225,11221.64
682461,9684309,2508328,2000-01-01,2000-01-02,2216138,27496.28
4797088,2529135,4292243,2000-01-01,2000-01-02,9261646,89745.30
561651,517759,6765565,2000-01-01,2000-01-02,7716354,68841.29
1589653,3857527,6929136,2000-01-01,2000-01-02,9862061,50297.17
5958400,857777,8433586,2000-01-01,2000-01-02,7999683,45439.09
1537493,2529135,3650691,2000-01-01,2000-01-02,3819423,79441.75
776939,1917616,4206531,2000-01-01,2000-01-02,2181137,3878.48
9329246,857777,8433586,2000-01-01,2000-01-02,213792,12700.61
4804355,2176886,666503,2000-01-01,2000-01-02,1143034,84360.72
8910879,197442,9716720,2000-01-01,2000-01-02,2072977,50878.66
8578155,6493336,2140979,2000-01-01,2000-01-02,9831904,47492.37
7727501,6493336,5095210,2000-01-01,2000-01-02,3867441,26785.19
8884711,4154800,9203617,2000-01-01,2000-01-02,6113885,14090.32
4550215,7196942,4292243,2000-01-01,2000-01-02,6080678,96065.40
6797965,8407096,2352414,2000-01-01,2000-01-02,720485,58415.63
7047159,9457182,7275987,2000-01-01,2000-01-02,2807737,71925.01
9107393,558573,5761724,2000-01-01,2000-01-02,890856,11914.34
4514537,6587471,7817777,2000-01-01,2000-01-02,7624336,1959.72
6528147,5715646,8934919,2000-01-01,2000-01-02,3256134,60680.75
8266708,6925456,3153791,2000-01-01,2000-01-02,3414031,95959.08
2112515,9457182,5467530,2000-01-01,2000-01-02,6012533,10392.14
4382123,9726580,1700020,2000-01-01,2000-01-02,2678084,58230.37
2336124,4403503,2450832,2000-01-01,2000-01-02,6277628,1631.91
2095104,5715646,4292243,2000-01-01,2000-01-02,808265,56218.53
7048077,5601900,6289733,2000-01-01,2000-01-02,8660747,66776.85
695393,5094376,5312163,2000-01-01,2000-01-02,8512555,79362.89
2925140,1583966,3650691,2000-01-01,2000-01-02,2662616,32140.21
8428830,6925456,9419454,2000-01-01,2000-01-02,4769080,44674.85
2309651,9397254,2083164,2000-01-01,2000-01-02,9299722,15999.56
9184395,7972876,4159113,2000-01-01,2000-01-02,9857435,85308.99
5777433,4663126,850442,2000-01-01,2000-01-02,2973664,96202.00
7552016,929998,666503,2000-01-01,2000-01-02,6961780,25921.43
8104159,4348798,2120370,2000-01-01,2000-01-02,9941626,53953.78
9895734,4556743,7015453,2000-01-01,2000-01-02,6851556,5501.91
7296717,2993726,2248555,2000-01-01,2000-01-02,5998498,72904.31
2675184,1001094,4229867,2000-01-01,2000-01-02,5326714,17995.13
4818512,2529135,3773861,2000-01-01,2000-01-02,521583,43254.92
3697998,1870967,3650691,2000-01-01,2000-01-02,4668169,37164.07
8529326,8407096,6622962,2000-01-01,2000-01-02,8007083,74736.74
3988314,2550558,8969507,2000-01-01,2000-01-02,8932859,12199.66
9209409,3857527,2317009,2000-01-01,2000-01-02,2372056,23134.86
9575066,3857527,936866,2000-01-01,2000-01-02,5924897,61195.52
1370832,2640581,1970236,2000-01-01,2000-01-02,697761,72028.78
423098,6113609,7015453,2000-01-01,2000-01-02,8567027,42789.20
2025028,517759,666503,2000-01-01,2000-01-02,223739,49850.94
6772580,4403503,3891304,2000-01-01,2000-01-02,4849834,90317.85
4354895,8677166,6710711,2000-01-01,2000-01-02,8873817,6363.65
2522340,9181854,1497630,2000-01-01,2000-01-02,5970391,76708.51
728500,157563,5755140,2000-01-01,2000-01-02,4089650,50518.59
4301517,8650274,9534817,2000-01-01,2000-01-02,6806926,66589.10
754802,2087572,2433540,2000-01-01,2000-01-02,8102985,84843.75
4562033,5302916,6125198,2000-01-01,2000-01-02,908858,3659.58
7511174,4556743,1004716,2000-01-01,2000-01-02,4579133,47831.78
4975872,197442,418493,2000-01-01,2000-01-02,6918558,68861.24
9252505,8160525,1076929,2000-01-01,2000-01-02,9970632,50939.20
6900542,4663126,1432624,2000-01-01,2000-01-02,2495160,3103.18
2747727,7971623,8558693,2000-01-01,2000-01-02,9237213,30799.90
1381084,3105143,2433540,2000-01-01,2000-01-02,7105366,28368.40
4302861,5533035,3136646,2000-01-01,2000-01-02,644042,56074.07
6687697,1167756,418493,2000-01-01,2000-01-02,3355942,65030.58
3578099,4348798,7817777,2000-01-01,2000-01-02,6777459,82296.53
623340,1001094,5171460,2000-01-01,2000-01-02,2934674,52676.40
5604572,3637415,7374472,2000-01-01,2000-01-02,9027691,36190.96
6846447,5918329,3475557,2000-01-01,2000-01-02,8380767,98886.31
6007688,1870967,5312163,2000-01-01,2000-01-02,9787343,43299.81
1887063,2550558,6859811,2000-01-01,2000-01-02,4647088,13314.93
7035362,5918329,7265535,2000-01-01,2000-01-02,6935152,14353.04
3523497,9181854,5312163,2000-01-01,2000-01-02,4281664,12035.91
5457342,6113609,2577289,2000-01-01,2000-01-02,7363914,1787.98
4734582,1001094,7817402,2000-01-01,2000-01-02,4225029,55965.80
3405805,857777,8954010,2000-01-01,2000-01-02,3356338,1340.19
2451752,2774009,1547392,2000-01-01,2000-01-02,1545706,99213.29
1801300,3892656,2059481,2000-01-01,2000-01-02,6346918,33002.79
7658732,2640581,3508495,2000-01-01,2000-01-02,7368405,87674.87
9668138,1917616,3153791,2000-01-01,2000-01-02,2055042,10597.36
1907172,8459713,4232612,2000-01-01,2000-01-02,7963809,29124.97
3741147,197442,6754038,2000-01-01,2000-01-02,1876549,401.24
1783710,929998,8330706,2000-01-01,2000-01-02,1943664,92134.31
2125542,5384109,7721928,2000-01-01,2000-01-02,2439913,88503.93
2534658,3857527,2059481,2000-01-01,2000-01-02,3449887,57304.33
4920462,1917616,7275987,2000-01-01,2000-01-02,5431734,65875.25
7414716,5302916,9631956,2000-01-01,2000-01-02,7504894,89151.67
1155341,2650916,1950228,2000-01-01,2000-01-02,8054727,13970.08
3580276,4332756,8558693,2000-01-01,2000-01-02,9033295,18787.27
6296933,2650916,1591248,2000-01-01,2000-01-02,9109451,27944.55
8578914,6587471,978183,2000-01-01,2000-01-02,7367853,13737.14
2288735,3637415,8868926,2000-01-01,2000-01-02,7564071,8974.90
9032215,517759,4884775,2000-01-01,2000-01-02,369108,9378.80
880604,2640581,488134,2000-01-01,2000-01-02,1045165,53105.60
8458273,7322980,8712253,2000-01-01,2000-01-02,817658,12511.09
5411300,5456727,1034222,2000-01-01,2000-01-02,7295009,45444.92
5928275,558573,6081879,2000-01-01,2000-01-02,6996235,46921.34
3415458,5302916,4185923,2000-01-01,2000-01-02,6382389,85496.94
4526965,9726580,8802085,2000-01-01,2000-01-02,6213666,29760.75
2145934,8647726,4031863,2000-01-01,2000-01-02,5822887,37244.85
5582906,5237032,4071317,2000-01-01,2000-01-02,7871821,91465.98
6023126,7971623,4232612,2000-01-01,2000-01-02,5458842,49303.03
1682664,9684309,6754038,2000-01-01,2000-01-02,5424300,41963.66
4137957,3386554,4292243,2000-01-01,2000-01-02,8634853,13758.00
9106085,1583966,953417,2000-01-01,2000-01-02,1882694,96277.84
3379048,7196942,6930780,2000-01-01,2000-01-02,9686433,20244.57
1594823,8647726,9306290,2000-01-01,2000-01-02,5741096,82198.25
8594369,157563,4188338,2000-01-01,2000-01-02,9516432,42310.34
1089205,4332756,2352414,2000-01-01,2000-01-02,601674,11766.01
5081188,3857527,2815596,2000-01-01,2000-01-02,814065,70227.07
1770224,476026,8440600,2000-01-01,2000-01-02,5358955,50583.38
688561,7196942,6859811,2000-01-01,2000-01-02,3934522,6437.10
2287657,5533035,3201025,2000-01-01,2000-01-02,1866173,19121.93
8842365,3637415,3741654,2000-01-01,2000-01-02,5796723,5609.50
4431522,476026,5761724,2000-01-01,2000-01-02,6316852,74968.74
6974798,2087572,2344260,2000-01-01,2000-01-02,384468,10952.81
3875805,8650274,6927611,2000-01-01,2000-01-02,9850607,43122.29
4149140,9397254,2146872,2000-01-01,2000-01-02,5908229,24468.11
3248384,5844922,4071317,2000-01-01,2000-01-02,5607124,77848.03
4421840,5237032,6754038,2000-01-01,2000-01-02,6538368,57621.65
8458883,2087572,305332,2000-01-01,2000-01-02,7039726,46655.01
1133545,6587471,2450832,2000-01-01,2000-01-02,976352,41351.82
7267853,5108124,3234823,2000-01-01,2000-01-02,1677206,47970.99
9003013,2804461,2450832,2000-01-01,2000-01-02,370417,68229.39
8263434,2939981,2317009,2000-01-01,2000-01-02,3733607,38598.58
2891718,1583966,8308880,2000-01-01,2000-01-02,6920049,9800.14
3214683,5384109,4299978,2000-01-01,2000-01-02,1710838,3781.37
5500759,3757650,2059481,2000-01-01,2000-01-02,5583949,23006.92
1330238,3757650,4185923,2000-01-01,2000-01-02,7003661,85681.32
3820023,3386554,5725710,2000-01-01,2000-01-02,8390441,74965.41
8160169,9684309,4457607,2000-01-01,2000-01-02,8871484,18727.91
4396719,2250469,9631956,2000-01-01,2000-01-02,4278542,11272.25
9499152,8062967,7556731,2000-01-01,2000-01-02,14545,8234.86
261349,197442,9807483,2000-01-01,2000-01-02,2746017,85428.39
6225004,2804461,3462498,2000-01-01,2000-01-02,3693090,63460.71
1117542,5456727,6786781,2000-01-01,2000-01-02,1923396,45606.90
754651,5108124,691947,2000-01-01,2000-01-02,5549054,43088.26
3659096,2650916,6765565,2000-01-01,2000-01-02,3021715,20593.51
2376028,7501536,5103253,2000-01-01,2000-01-02,2330391,90493.56
9504686,8647726,9613470,2000-01-01,2000-01-02,7594922,57284.61
1653545,8647726,4804320,2000-01-01,2000-01-02,7737775,72851.09
6641157,5579940,2566920,2000-01-01,2000-01-02,4250105,68701.29
6688015,8677166,2059481,2000-01-01,2000-01-02,7280357,76723.90
9951880,2550558,2577289,2000-01-01,2000-01-02,8994445,14114.90
2157061,8459713,756006,2000-01-01,2000-01-02,3705543,10321.21
2851363,4663126,9878440,2000-01-01,2000-01-02,7860285,75301.28
6536795,3857527,953417,2000-01-01,2000-01-02,6877617,70103.88
7040175,1917616,9421765,2000-01-01,2000-01-02,3714577,566.77
2436211,8062967,9534817,2000-01-01,2000-01-02,7030965,10634.22
3426492,4663126,1935663,2000-01-01,2000-01-02,6881647,15842.92
7036381,5533035,9346829,2000-01-01,2000-01-02,6390131,67826.84
5049799,9457182,8896296,2000-01-01,2000-01-02,9018830,24070.98
1764769,6925456,9807483,2000-01-01,2000-01-02,7225763,21570.90
4354108,8628567,4188338,2000-01-01,2000-01-02,9710621,3245.49
4164650,2804461,2926642,2000-01-01,2000-01-02,1346344,57912.43
7238366,857777,5383769,2000-01-01,2000-01-02,796616,6402.99
1099392,4663126,4245558,2000-01-01,2000-01-02,1071888,89850.88
234671,8459713,7374472,2000-01-01,2000-01-02,9821016,87395.34
5534417,5918329,7518649,2000-01-01,2000-01-02,8945312,16820.75
9779466,5918329,6765565,2000-01-01,2000-01-02,9058237,56619.82
60626,1870967,4188338,2000-01-01,2000-01-02,3595006,95867.43
6845175,5533035,138572,2000-01-01,2000-01-02,4377130,6106.27
4214881,3105143,4031863,2000-01-01,2000-01-02,8592602,60144.25
7410014,5108124,4920069,2000-01-01,2000-01-02,8031918,61884.75
4381475,7586710,9613470,2000-01-01,2000-01-02,4509906,98300.79
7573958,7501536,1297683,2000-01-01,2000-01-02,6452597,18967.81
9193130,7586710,7161787,2000-01-01,2000-01-02,8121185,41563.55
863799,6925456,7105233,2000-01-01,2000-01-02,6490432,54519.39
9120294,6925456,5700064,2000-01-01,2000-01-02,8583325,42339.21
2977781,2804461,5725710,2000-01-01,2000-01-02,3477090,3610.68
7440182,2993726,1812989,2000-01-01,2000-01-02,2554422,72713.44
3513121,8677166,7105233,2000-01-01,2000-01-02,2236189,87644.67
6815130,5302916,2508328,2000-01-01,2000-01-02,7826105,10900.99
5689702,2993726,6765565,2000-01-01,2000-01-02,3958791,15570.26
5037685,4663126,3081622,2000-01-01,2000-01-02,2828414,36079.08
4088819,4154800,4036435,2000-01-01,2000-01-02,1408870,13868.09
4456717,6493336,6335822,2000-01-01,2000-01-02,9656057,10456.46
3631721,1588029,5095210,2000-01-01,2000-01-02,3690708,53712.05
9550906,3757650,8934919,2000-01-01,2000-01-02,8282886,14283.02
1473714,8677166,7905930,2000-01-01,2000-01-02,4821500,7510.47
3603892,3857527,3773861,2000-01-01,2000-01-02,6741999,90728.76
7363934,3892656,5994761,2000-01-01,2000-01-02,4814684,51702.32
9865632,6621185,5725710,2000-01-01,2000-01-02,2536845,32903.61
8901682,2176886,8746475,2000-01-01,2000-01-02,4993064,97408.16
620918,2993726,525441,2000-01-01,2000-01-02,4617213,15913.51
6077874,6808922,3201025,2000-01-01,2000-01-02,2441467,6798.41
8374133,8459713,7518649,2000-01-01,2000-01-02,3219484,7370.50
5896326,5456727,978183,2000-01-01,2000-01-02,4902338,11290.63
5838968,7586710,6799869,2000-01-01,2000-01-02,7838428,3249.69
9059757,1167756,9419454,2000-01-01,2000-01-02,8233716,68815.68
3626221,197442,7905930,2000-01-01,2000-01-02,7108741,33946.45
8085131,2640581,4206531,2000-01-01,2000-01-02,3788638,47015.96
5928718,5579940,9306290,2000-01-01,2000-01-02,8694689,57298.13
9931885,8062967,8308880,2000-01-01,2000-01-02,1497547,27720.48
4400183,9181854,1029590,2000-01-01,2000-01-02,8899751,62335.72
5980967,476026,5725710,2000-01-01,2000-01-02,7350944,41776.04
1919495,5601900,2433540,2000-01-01,2000-01-02,9392133,8225.42
8726140,3857527,3741654,2000-01-01,2000-01-02,3562897,15006.65
2333543,9181854,6710711,2000-01-01,2000-01-02,48155,1885.31
4769995,517759,7242128,2000-01-01,2000-01-02,4941005,30749.45
4918162,2650916,1970236,2000-01-01,2000-01-02,7955097,49657.89
7494328,8407096,3891304,2000-01-01,2000-01-02,2171407,79475.54
511984,6587471,4292243,2000-01-01,2000-01-02,2569869,87227.84
9024065,5715646,106088,2000-01-01,2000-01-02,5900475,90237.15
6454929,5108124,305332,2000-01-01,2000-01-02,5507742,41101.09
5483517,2939981,2433540,2000-01-01,2000-01-02,2460592,73917.83
422218,9684309,6964629,2000-01-01,2000-01-02,2226484,32416.84
2587930,2939981,6841518,2000-01-01,2000-01-02,8758269,83812.35
1221521,6587471,8868926,2000-01-01,2000-01-02,1512906,23241.71
9603522,8160525,1935663,2000-01-01,2000-01-02,4985859,28960.64
812121,2804461,3234823,2000-01-01,2000-01-02,893989,57882.70
6469205,4663126,3462498,2000-01-01,2000-01-02,6015740,98818.28
498833,5715646,138572,2000-01-01,2000-01-02,8575959,68598.50
7960317,157563,978183,2000-01-01,2000-01-02,8081572,51611.18
1259745,5844922,7045735,2000-01-01,2000-01-02,1788695,46758.69
185471,4154800,2800658,2000-01-01,2000-01-02,2389528,28397.60
5334291,5108124,1339337,2000-01-01,2000-01-02,9066173,35503.70
9588226,2529135,4884775,2000-01-01,2000-01-02,4079738,7454.86
7359232,1870967,5467530,2000-01-01,2000-01-02,7263337,19900.53
8752978,9181854,8868926,2000-01-01,2000-01-02,6838015,43889.38
5539927,2804461,7045735,2000-01-01,2000-01-02,6628201,18519.10
7491234,3637415,1255153,2000-01-01,2000-01-02,1100006,48349.51
4184494,5715646,9942032,2000-01-01,2000-01-02,4226108,65812.94
3458642,1167756,2800658,2000-01-01,2000-01-02,6836088,5627.19
165016,157563,138572,2000-01-01,2000-01-02,5372205,25436.41
9118769,9181854,3363118,2000-01-01,2000-01-02,479392,24557.55
4939334,8160525,4884775,2000-01-01,2000-01-02,1523632,91271.69
5280298,558573,6024470,2000-01-01,2000-01-02,5392225,81848.47
404137,9457182,2248555,2000-01-01,2000-01-02,9407132,90069.29
3788327,9684309,286783,2000-01-01,2000-01-02,4022570,40721.35
8959555,1001094,7240613,2000-01-01,2000-01-02,3177305,9526.34
9678038,3892656,9250616,2000-01-01,2000-01-02,1772677,43415.50
6241103,6621185,1034222,2000-01-01,2000-01-02,2384426,84612.88
1146960,5533035,8478665,2000-01-01,2000-01-02,4390647,52987.70
1477398,3857527,5755140,2000-01-01,2000-01-02,6009666,78330.14
7799531,6808922,6966470,2000-01-01,2000-01-02,2283145,40034.70
5082764,5094376,2800658,2000-01-01,2000-01-02,9942095,92003.59
2853038,9726580,4206531,2000-01-01,2000-01-02,7826355,80896.23
6502542,517759,6101202,2000-01-01,2000-01-02,781538,75430.88
3928233,4663126,9880907,2000-01-01,2000-01-02,8148295,81398.37
6289441,2640581,6051952,2000-01-01,2000-01-02,5377230,92440.92
6947253,857777,5467530,2000-01-01,2000-01-02,3967800,37990.57
2968990,2774009,2815596,2000-01-01,2000-01-02,7414028,38664.79
4784696,3637415,3363118,2000-01-01,2000-01-02,7729283,52074.77
1044056,517759,4031863,2000-01-01,2000-01-02,5093188,86803.51
1041959,1917616,9534817,2000-01-01,2000-01-02,4582750,40142.92
1173667,5918329,1114381,2000-01-01,2000-01-02,9574873,99836.60
1748226,8677166,7105233,2000-01-01,2000-01-02,1313391,52818.79
7170840,3757650,6202328,2000-01-01,2000-01-02,6574473,66835.52
2480905,1167756,5257543,2000-01-01,2000-01-02,7559628,61304.85
9654996,857777,8868926,2000-01-01,2000-01-02,1352835,35272.39
3528249,4556743,5919331,2000-01-01,2000-01-02,2498780,11004.45
8696251,7501536,5467530,2000-01-01,2000-01-02,6676143,45492.61
7227873,8677166,3140649,2000-01-01,2000-01-02,4886755,24928.99
4055604,7501536,2599264,2000-01-01,2000-01-02,4319903,828.42
7072862,5384109,3650691,2000-01-01,2000-01-02,5238820,81282.52
652953,8407096,7258277,2000-01-01,2000-01-02,7862233,21978.14
2462005,5094376,8990400,2000-01-01,2000-01-02,3506231,25526.56
8246743,3892656,1185992,2000-01-01,2000-01-02,2486204,29567.27
6644806,5918329,6335822,2000-01-01,2000-01-02,6836950,80507.82
4254147,517759,4920069,2000-01-01,2000-01-02,1421786,84734.70
5250810,7586710,7795843,2000-01-01,2000-01-02,1390824,94669.57
2608708,8459713,4071317,2000-01-01,2000-01-02,4840345,13345.10
1216569,8650274,3911047,2000-01-01,2000-01-02,7480059,60851.86
7733939,2993726,5034028,2000-01-01,2000-01-02,9819860,67109.53
5827651,6808922,2352414,2000-01-01,2000-01-02,4302815,64616.79
2559755,517759,5672839,2000-01-01,2000-01-02,1002282,1693.27
1682666,7196942,2175568,2000-01-01,2000-01-02,2387830,31346.45
240798,6925456,8330706,2000-01-01,2000-01-02,508454,72385.92
2884195,929998,5103253,2000-01-01,2000-01-02,5452081,61042.38
787257,3757650,6765565,2000-01-01,2000-01-02,7508936,90125.74
7189337,8459713,4074894,2000-01-01,2000-01-02,6351492,3288.94
9643639,2804461,6308354,2000-01-01,2000-01-02,3720498,50090.60
5691311,3892656,4709965,2000-01-01,2000-01-02,9191372,52609.01
6706033,7196942,1076929,2000-01-01,2000-01-02,7581591,34887.03
594149,2774009,4299978,2000-01-01,2000-01-02,8061202,68926.46
4852762,8160525,1034222,2000-01-01,2000-01-02,9445387,40614.09
9955043,2529135,1034222,2000-01-01,2000-01-02,6637456,68460.20
2598176,6493336,8954010,2000-01-01,2000-01-02,6812079,81511.60
578022,4348798,6062424,2000-01-01,2000-01-02,9222442,87083.33
9933085,517759,1360212,2000-01-01,2000-01-02,6338837,96600.38
2528289,857777,756006,2000-01-01,2000-01-02,9255864,28962.76
3414451,1167756,4688151,2000-01-01,2000-01-02,5412710,7394.59
3847985,7972876,5700064,2000-01-01,2000-01-02,2165421,86943.69
3903272,6808922,7374472,2000-01-01,2000-01-02,5307141,48293.56
9993217,7501536,5171460,2000-01-01,2000-01-02,6905279,30867.08
8750244,7971623,850442,2000-01-01,2000-01-02,2748267,43436.72
208648,8160525,8867291,2000-01-01,2000-01-02,3602046,58897.65
4641135,5601900,691947,2000-01-01,2000-01-02,816029,10359.26
2318448,2774009,6754038,2000-01-01,2000-01-02,5184889,99961.09
4954415,1167756,8669842,2000-01-01,2000-01-02,4722330,85885.93
3594161,7972876,7817777,2000-01-01,2000-01-02,6477097,82424.81
3782035,558573,763954,2000-01-01,2000-01-02,8642147,25638.34
8849019,3757650,8147453,2000-01-01,2000-01-02,6423913,85616.51
5463612,6587471,5700064,2000-01-01,2000-01-02,254906,72008.50
7587209,2176886,8713304,2000-01-01,2000-01-02,1762068,48671.64
9906576,5844922,6930780,2000-01-01,2000-01-02,4478855,98371.24
7018486,7972876,3180546,2000-01-01,2000-01-02,5412955,82400.63
6602690,5918329,3081622,2000-01-01,2000-01-02,657325,34061.12
3579486,6587471,8713304,2000-01-01,2000-01-02,3979758,1109.80
1268359,2939981,5755140,2000-01-01,2000-01-02,7634143,56118.33
7513199,8062967,9632811,2000-01-01,2000-01-02,9089106,14032.37
7393627,6493336,2982422,2000-01-01,2000-01-02,8651794,37511.85
3444027,3637415,2248555,2000-01-01,2000-01-02,4073529,60800.05
352492,3637415,4245558,2000-01-01,2000-01-02,1946026,96900.83
4060866,9397254,9636808,2000-01-01,2000-01-02,3411682,38189.83
6669643,8650274,195160,2000-01-01,2000-01-02,5732723,91084.37
4808894,1588029,2800658,2000-01-01,2000-01-02,2357239,12496.13
3885164,2529135,6966470,2000-01-01,2000-01-02,9007044,75454.31
7173939,8647726,7385692,2000-01-01,2000-01-02,496565,35320.29
4466901,558573,6966470,2000-01-01,2000-01-02,3790650,97034.78
8061615,929998,8990400,2000-01-01,2000-01-02,1763592,88496.63
6899756,2939981,6622962,2000-01-01,2000-01-02,2146527,3577.51
2281512,7971623,4457607,2000-01-01,2000-01-02,3024268,36011.97
5234657,7586710,5200610,2000-01-01,2000-01-02,1909569,4344.79
185622,5918329,6758873,2000-01-01,2000-01-02,1983670,89435.27
1245223,7586710,8481621,2000-01-01,2000-01-02,337920,20797.49
3635307,857777,5200610,2000-01-01,2000-01-02,744334,93442.72
869391,3637415,6758873,2000-01-01,2000-01-02,7075259,34129.92
5927590,4403503,5994761,2000-01-01,2000-01-02,3537495,27767.84
8690477,2804461,1970236,2000-01-01,2000-01-02,9000291,37873.22
6179845,9726580,4185923,2000-01-01,2000-01-02,5797349,66314.50
5347402,5715646,1206915,2000-01-01,2000-01-02,1607389,1640.08
9302140,2774009,4074894,2000-01-01,2000-01-02,3605731,78038.85
892580,6113609,9250616,2000-01-01,2000-01-02,2603778,63753.16
2843144,5844922,8713304,2000-01-01,2000-01-02,2500646,98861.75
2295864,476026,1175038,2000-01-01,2000-01-02,34741,88139.13
7029690,8677166,3301853,2000-01-01,2000-01-02,4459500,84851.34
6534337,7322980,138572,2000-01-01,2000-01-02,6169297,33400.41
7498495,6113609,6081879,2000-01-01,2000-01-02,3462109,91644.72
5307775,8650274,8868926,2000-01-01,2000-01-02,6831259,14609.03
9409640,6113609,6765565,2000-01-01,2000-01-02,6407315,77447.20
1555138,6925456,1547392,2000-01-01,2000-01-02,959772,83830.69
5484085,9726580,2987982,2000-01-01,2000-01-02,8674996,74676.53
6398372,3857527,5171460,2000-01-01,2000-01-02,5647708,30887.98
1085740,476026,6051952,2000-01-01,2000-01-02,7527736,94045.34
7013082,2087572,9534817,2000-01-01,2000-01-02,5915028,41407.47
7017010,5533035,3448899,2000-01-01,2000-01-02,2027174,87633.79
5679980,6587471,2987982,2000-01-01,2000-01-02,8214957,40625.18
7967571,8628567,4731934,2000-01-01,2000-01-02,5101740,44265.82
5987491,6808922,4920069,2000-01-01,2000-01-02,4739671,95669.98
1615515,5579940,3650691,2000-01-01,2000-01-02,2852560,89462.02
2975676,3386554,6057628,2000-01-01,2000-01-02,7203370,4909.96
7695018,2774009,6057628,2000-01-01,2000-01-02,4575025,22225.70
1714188,5384109,1910982,2000-01-01,2000-01-02,814327,20661.69
6480031,9684309,2566920,2000-01-01,2000-01-02,623379,21959.13
5372922,1167756,6754038,2000-01-01,2000-01-02,6642342,92696.23
467034,7196942,3253497,2000-01-01,2000-01-02,1897263,56549.11
5003205,157563,286783,2000-01-01,2000-01-02,6317419,62795.94
5534434,5302916,7275987,2000-01-01,2000-01-02,1117008,67717.21
9270854,2640581,7240613,2000-01-01,2000-01-02,27769,79612.35
6439456,2250469,5103253,2000-01-01,2000-01-02,6913291,38758.60
7464124,2250469,9346829,2000-01-01,2000-01-02,8064456,14504.71
6848026,5456727,9878440,2000-01-01,2000-01-02,3802313,49898.84
694347,5094376,1029590,2000-01-01,2000-01-02,5542961,94336.60
3641458,8650274,9878440,2000-01-01,2000-01-02,5094126,5567.91
6378625,8647726,8433586,2000-01-01,2000-01-02,6415375,62585.87
6537986,1870967,2982422,2000-01-01,2000-01-02,1643853,27895.86
653643,9181854,7187075,2000-01-01,2000-01-02,2409446,46548.83
8669768,3857527,106088,2000-01-01,2000-01-02,5835760,65365.61
611965,1917616,1175038,2000-01-01,2000-01-02,2526116,22878.39
7669863,2550558,7817777,2000-01-01,2000-01-02,8648797,68685.12
9404589,3857527,4299978,2000-01-01,2000-01-02,9882354,83718.63
3436032,8647726,6622962,2000-01-01,2000-01-02,4637529,89590.24
7048655,929998,1497630,2000-01-01,2000-01-02,2834804,63752.92
2365438,4403503,9299764,2000-01-01,2000-01-02,8007997,85889.92
2546133,5384109,1018603,2000-01-01,2000-01-02,3828452,94179.88
3952963,5715646,1970236,2000-01-01,2000-01-02,6961810,41447.13
5204704,8647726,1206915,2000-01-01,2000-01-02,5637668,94345.80
7000993,5108124,8867291,2000-01-01,2000-01-02,3906169,68235.77
9043175,857777,7963673,2000-01-01,2000-01-02,4693911,66107.98
9306717,8459713,6944540,2000-01-01,2000-01-02,2278385,75514.10
1075342,2993726,9670329,2000-01-01,2000-01-02,2780685,19345.16
933399,6808922,4229867,2000-01-01,2000-01-02,5261946,17171.55
1187114,5918329,4709965,2000-01-01,2000-01-02,4329931,9791.38
6520085,6587471,2059481,2000-01-01,2000-01-02,1237857,33893.35
5232024,9684309,8802085,2000-01-01,2000-01-02,1874617,85029.59
6600184,5601900,842242,2000-01-01,2000-01-02,5463279,44364.24
1327248,8628567,3081622,2000-01-01,2000-01-02,9569404,90533.54
4426945,517759,6989039,2000-01-01,2000-01-02,896911,40241.49
3187975,2087572,8481621,2000-01-01,2000-01-02,4816568,38349.71
4885342,4332756,7385692,2000-01-01,2000-01-02,489920,6110.97
3124331,8407096,842242,2000-01-01,2000-01-02,7699537,69808.47
8289303,7196942,1119153,2000-01-01,2000-01-02,2720232,16613.92
6465513,7971623,3611308,2000-01-01,2000-01-02,5760365,21450.72
7796169,2804461,1950228,2000-01-01,2000-01-02,6317028,54161.76
4519337,5456727,9421765,2000-01-01,2000-01-02,7644412,18310.19
3372916,5108124,2433540,2000-01-01,2000-01-02,7284746,21017.21
6543293,6113609,6622962,2000-01-01,2000-01-02,8947677,91024.76
5078714,8647726,9203617,2000-01-01,2000-01-02,3661146,91807.22
7204000,1917616,1185992,2000-01-01,2000-01-02,3029405,44681.88
9230689,476026,6125198,2000-01-01,2000-01-02,6764930,74484.65
8266511,8160525,7385692,2000-01-01,2000-01-02,6203805,24186.39
6343929,7501536,8433586,2000-01-01,2000-01-02,992841,72168.61
3164709,5918329,2175568,2000-01-01,2000-01-02,7612724,73104.78
5307262,7196942,1206915,2000-01-01,2000-01-02,5433113,44403.50
2089736,1583966,2508328,2000-01-01,2000-01-02,5857892,35382.12
1460166,7971623,3773861,2000-01-01,2000-01-02,9194604,96694.86
1205231,4663126,418493,2000-01-01,2000-01-02,8488388,9061.45
8092219,6587471,2120370,2000-01-01,2000-01-02,6411621,60768.16
9083229,5456727,7161787,2000-01-01,2000-01-02,779759,5908.29
4049185,517759,5103253,2000-01-01,2000-01-02,2694645,31117.93
1072027,2804461,6289733,2000-01-01,2000-01-02,8512983,74042.30
2931571,5601900,7161787,2000-01-01,2000-01-02,9673193,14461.28
8221221,8647726,6841518,2000-01-01,2000-01-02,6506356,62500.73
6182534,197442,9880907,2000-01-01,2000-01-02,1781931,39924.19
1003591,197442,666503,2000-01-01,2000-01-02,7397698,53882.04
3683145,8647726,9670329,2000-01-01,2000-01-02,8926669,16892.34
8519916,929998,5994761,2000-01-01,2000-01-02,1947226,58310.12
3271315,5456727,9807483,2000-01-01,2000-01-02,4430518,30456.11
4611085,4403503,9631956,2000-01-01,2000-01-02,4004794,41648.44
81808,2993726,286783,2000-01-01,2000-01-02,8010609,33588.04
4383406,4348798,418493,2000-01-01,2000-01-02,2863116,44278.87
1504844,5715646,6379260,2000-01-01,2000-01-02,9531437,46392.62
6838036,7971623,4071317,2000-01-01,2000-01-02,153308,99993.28
5875447,7501536,3659393,2000-01-01,2000-01-02,5645222,18305.61
2987981,6113609,8224603,2000-01-01,2000-01-02,8414189,66326.50
3403927,2640581,666503,2000-01-01,2000-01-02,9366248,5557.35
5981003,9457182,6859811,2000-01-01,2000-01-02,3293261,15959.84
1035318,1167756,8954010,2000-01-01,2000-01-02,3066770,15086.80
8130424,5533035,9306290,2000-01-01,2000-01-02,1322218,2498.78
884512,4403503,2744065,2000-01-01,2000-01-02,1490714,2425.63
6893011,5533035,5312163,2000-01-01,2000-01-02,8277096,94206.83
4665149,7971623,7265535,2000-01-01,2000-01-02,2983058,94940.08
2943430,5533035,286783,2000-01-01,2000-01-02,8736798,32375.97
951047,8647726,8969507,2000-01-01,2000-01-02,6778135,44936.47
2943107,2650916,1910982,2000-01-01,2000-01-02,5059241,55660.00
6870053,5918329,842242,2000-01-01,2000-01-02,4459521,78540.79
4545112,6113609,6758873,2000-01-01,2000-01-02,8122502,23109.07
8932358,1588029,6125198,2000-01-01,2000-01-02,3628643,58711.52
9560905,5384109,5467530,2000-01-01,2000-01-02,9379050,32300.66
4725379,3637415,3891304,2000-01-01,2000-01-02,578141,72576.36
7117698,7972876,8481621,2000-01-01,2000-01-02,4247145,8010.70
6453092,3386554,106088,2000-01-01,2000-01-02,7253594,36156.20
4108678,5456727,4159113,2000-01-01,2000-01-02,7250910,24819.09
631304,2774009,7015453,2000-01-01,2000-01-02,7080120,63750.05
8143310,7501536,1497630,2000-01-01,2000-01-02,4307870,52760.76
9233258,5844922,7817402,2000-01-01,2000-01-02,9677192,48191.25
5808113,8628567,1700020,2000-01-01,2000-01-02,4597072,89869.19
7184727,558573,5034028,2000-01-01,2000-01-02,2037888,47809.66
7486625,6493336,3891304,2000-01-01,2000-01-02,4288916,48782.29
5091750,1583966,6622962,2000-01-01,2000-01-02,4509688,80697.65
6562636,558573,6289733,2000-01-01,2000-01-02,7006873,29098.85
4437563,8650274,8669842,2000-01-01,2000-01-02,905320,80469.99
8162955,517759,9613470,2000-01-01,2000-01-02,4232356,42673.25
7103957,2939981,2352414,2000-01-01,2000-01-02,3559495,81623.13
6295044,8647726,6335822,2000-01-01,2000-01-02,6538119,4015.30
2072492,8160525,6966470,2000-01-01,2000-01-02,8781178,98224.59
5958579,1001094,1339337,2000-01-01,2000-01-02,2733381,3546.29
1300334,7196942,3363118,2000-01-01,2000-01-02,5773507,61356.09
3400520,2993726,7045735,2000-01-01,2000-01-02,3019836,71159.63
2053594,2250469,2508328,2000-01-01,2000-01-02,4682743,63754.14
4079362,157563,8990400,2000-01-01,2000-01-02,8459587,21337.84
8766458,6925456,3611308,2000-01-01,2000-01-02,2732114,7870.58
712482,3105143,767864,2000-01-01,2000-01-02,604417,44445.68
5525129,8407096,936866,2000-01-01,2000-01-02,4496085,8695.22
4157455,5715646,2059481,2000-01-01,2000-01-02,5671506,23785.84
1104034,3857527,9419454,2000-01-01,2000-01-02,4609068,70073.14
7404590,1583966,6944540,2000-01-01,2000-01-02,8251702,22535.06
7768062,6587471,5700064,2000-01-01,2000-01-02,4130783,48268.22
3633000,1001094,2815596,2000-01-01,2000-01-02,7738833,81121.95
1938017,4663126,1206915,2000-01-01,2000-01-02,9074734,55284.20
7110256,8407096,8802085,2000-01-01,2000-01-02,5984910,73750.62
5946480,3105143,525441,2000-01-01,2000-01-02,4123509,40834.96
1287420,2250469,9299764,2000-01-01,2000-01-02,9748573,36805.59
4380736,2176886,7242128,2000-01-01,2000-01-02,2714257,31454.26
7070920,476026,1031883,2000-01-01,2000-01-02,9368728,69101.82
3220688,5302916,6966470,2000-01-01,2000-01-02,6028214,6759.41
5594378,8647726,3153791,2000-01-01,2000-01-02,6147442,36892.64
3311185,6587471,6202328,2000-01-01,2000-01-02,5533138,43480.68
6174239,9684309,3659393,2000-01-01,2000-01-02,8081929,95547.46
5568288,7972876,8934919,2000-01-01,2000-01-02,4005124,69771.47
2873146,3386554,418493,2000-01-01,2000-01-02,6781419,26120.76
7908070,7501536,1215224,2000-01-01,2000-01-02,4754380,63501.25
9558254,3105143,1935663,2000-01-01,2000-01-02,8138450,68656.16
7170145,2993726,9942032,2000-01-01,2000-01-02,2391624,4096.47
820153,5108124,9613470,2000-01-01,2000-01-02,5992426,95898.31
3732137,5715646,6051952,2000-01-01,2000-01-02,7868823,67354.66
4276527,2087572,767864,2000-01-01,2000-01-02,967754,47412.57
1834211,857777,6081879,2000-01-01,2000-01-02,5111609,76779.52
967955,940723,6622962,2000-01-01,2000-01-02,2337786,6774.83
2445788,7196942,6062424,2000-01-01,2000-01-02,9050785,64192.72
97556,5302916,8349155,2000-01-01,2000-01-02,3925025,847.32
3209486,8160525,1175038,2000-01-01,2000-01-02,9636062,88968.37
7820258,7586710,8712253,2000-01-01,2000-01-02,9839066,92762.88
2022919,3105143,7556731,2000-01-01,2000-01-02,13759,44244.36
765755,6493336,9632811,2000-01-01,2000-01-02,8627410,48008.59
897625,3757650,9807483,2000-01-01,2000-01-02,5881685,26051.44
4471764,4348798,3650691,2000-01-01,2000-01-02,7008496,48744.78
35525,8650274,1977084,2000-01-01,2000-01-02,7541434,7968.38
6197032,1917616,2926642,2000-01-01,2000-01-02,3595063,36351.24
5980916,3386554,6692041,2000-01-01,2000-01-02,6250775,46753.73
1935573,2804461,4804320,2000-01-01,2000-01-02,1524521,65804.65
1827395,5302916,3773861,2000-01-01,2000-01-02,9137854,47563.64
3369014,3105143,2566920,2000-01-01,2000-01-02,1803695,18852.33
5161661,4556743,6799869,2000-01-01,2000-01-02,6454534,84631.17
5837508,2529135,9716720,2000-01-01,2000-01-02,1930403,44200.25
5933927,4154800,8433586,2000-01-01,2000-01-02,9804711,3097.11
1023475,3637415,2888702,2000-01-01,2000-01-02,4975129,46780.34
7785059,157563,286783,2000-01-01,2000-01-02,5830155,79115.35
5338277,8647726,3153791,2000-01-01,2000-01-02,6055149,20712.64
855224,857777,7518649,2000-01-01,2000-01-02,6560380,33338.38
7672832,929998,1018603,2000-01-01,2000-01-02,82326,10124.21
1984333,6587471,1977084,2000-01-01,2000-01-02,4901290,15578.16
8139940,8459713,3657525,2000-01-01,2000-01-02,7042594,53295.82
8989947,4348798,7817777,2000-01-01,2000-01-02,685823,72465.72
9979285,1588029,3610600,2000-01-01,2000-01-02,3480798,31900.89
2912610,6113609,2344260,2000-01-01,2000-01-02,3992962,74457.10
9224045,6621185,6758873,2000-01-01,2000-01-02,8008034,56002.66
7763334,4332756,3201025,2000-01-01,2000-01-02,1412060,23078.11
848969,476026,9631956,2000-01-01,2000-01-02,9418586,33784.37
7696225,8407096,2083164,2000-01-01,2000-01-02,827866,47632.94
2729794,5533035,8308880,2000-01-01,2000-01-02,3413884,51303.46
3269801,7501536,7265148,2000-01-01,2000-01-02,6692881,9405.48
1543366,5456727,9866808,2000-01-01,2000-01-02,1175005,31155.76
5297300,2993726,9670329,2000-01-01,2000-01-02,2012531,81487.40
5475212,5601900,1034222,2000-01-01,2000-01-02,4490667,22847.34
8454040,7586710,5761724,2000-01-01,2000-01-02,3574245,79557.76
8672665,7501536,525441,2000-01-01,2000-01-02,2070899,20112.71
4560136,5384109,6271676,2000-01-01,2000-01-02,9348579,82824.07
1452393,5302916,8244343,2000-01-01,2000-01-02,309520,11036.62
2054232,4663126,1600986,2000-01-01,2000-01-02,7780962,79050.28
920999,4403503,6786781,2000-01-01,2000-01-02,2714186,63814.02
5950435,6808922,1600986,2000-01-01,2000-01-02,5994603,73235.07
7814968,4154800,4395915,2000-01-01,2000-01-02,3198247,27949.54
4950152,476026,3153791,2000-01-01,2000-01-02,5664793,22661.36
2480746,8160525,4185923,2000-01-01,2000-01-02,7760801,32228.71
6352791,9684309,3153791,2000-01-01,2000-01-02,9307332,57024.06
1861100,9181854,3234823,2000-01-01,2000-01-02,1094608,92958.01
5856378,2176886,1591248,2000-01-01,2000-01-02,3184749,37941.00
5199978,5844922,8308880,2000-01-01,2000-01-02,2693459,72312.87
9339000,1001094,1206915,2000-01-01,2000-01-02,992163,25778.04
2675599,476026,7045735,2000-01-01,2000-01-02,6986195,60592.42
6238030,6621185,7817402,2000-01-01,2000-01-02,4538891,65564.26
2152693,5601900,691947,2000-01-01,2000-01-02,937700,43408.62
3188424,6493336,7045735,2000-01-01,2000-01-02,9338631,68877.96
8196810,1583966,6692041,2000-01-01,2000-01-02,1744815,52797.59
5046416,3857527,1076929,2000-01-01,2000-01-02,7386395,78723.88
4262901,9397254,3891304,2000-01-01,2000-01-02,9099342,71173.58
1381386,517759,305332,2000-01-01,2000-01-02,7317694,64979.68
5021859,5844922,8882803,2000-01-01,2000-01-02,3443504,83452.11
3824403,558573,9419454,2000-01-01,2000-01-02,2800526,37707.33
579596,857777,1215224,2000-01-01,2000-01-02,893056,80651.28
5365819,5456727,4395915,2000-01-01,2000-01-02,3457152,305.69
140321,5533035,3891304,2000-01-01,2000-01-02,9249274,70011.07
4764423,5302916,3480959,2000-01-01,2000-01-02,8321083,59128.39
6972650,4403503,6786781,2000-01-01,2000-01-02,3037721,31997.76
7313958,1167756,1910982,2000-01-01,2000-01-02,3593160,61107.02
2523602,4663126,2059481,2000-01-01,2000-01-02,1814062,15549.99
8844883,197442,1029590,2000-01-01,2000-01-02,2914715,90750.88
6647157,8407096,5725710,2000-01-01,2000-01-02,9339592,41688.34
8485387,5384109,6964629,2000-01-01,2000-01-02,3173405,26875.81
5852119,2176886,3420828,2000-01-01,2000-01-02,2552795,21687.55
8842242,9684309,3659393,2000-01-01,2000-01-02,4944034,11317.92
1962065,5601900,4780433,2000-01-01,2000-01-02,6301604,48484.45
2143192,5384109,6929136,2000-01-01,2000-01-02,4973601,10162.88
7441803,8407096,7721928,2000-01-01,2000-01-02,9204452,66237.53
6194913,6621185,2815596,2000-01-01,2000-01-02,2808500,24683.11
5641083,5533035,2987982,2000-01-01,2000-01-02,3199974,11352.05
4497762,9684309,3448899,2000-01-01,2000-01-02,5585002,90377.39
4439174,2176886,978183,2000-01-01,2000-01-02,520704,39351.24
892364,4663126,2815596,2000-01-01,2000-01-02,6880564,21672.72
2045877,5384109,2433540,2000-01-01,2000-01-02,6793006,323.56
5714445,157563,5312163,2000-01-01,2000-01-02,1815509,88071.48
1561289,1167756,4074894,2000-01-01,2000-01-02,3609603,40862.73
2125504,9726580,1950228,2000-01-01,2000-01-02,6343791,21962.55
64772,2993726,8147453,2000-01-01,2000-01-02,850614,19027.06
7263661,5918329,286783,2000-01-01,2000-01-02,5965712,2537.73
2248520,9726580,1935663,2000-01-01,2000-01-02,4266913,59208.32
655429,8459713,6799869,2000-01-01,2000-01-02,5030667,82216.96
407267,9726580,936866,2000-01-01,2000-01-02,6122360,41243.50
7039746,3105143,2140979,2000-01-01,2000-01-02,3398670,9282.22
8707016,5601900,2566920,2000-01-01,2000-01-02,3476271,83670.54
8883278,6113609,5312163,2000-01-01,2000-01-02,9820837,11011.66
5816677,6808922,3180546,2000-01-01,2000-01-02,4235550,7199.44
1706428,6113609,286783,2000-01-01,2000-01-02,7567172,68250.80
1174223,1588029,3201025,2000-01-01,2000-01-02,77836,25653.35
8433824,3105143,2859126,2000-01-01,2000-01-02,364831,51275.84
997911,5094376,6964629,2000-01-01,2000-01-02,7259453,40881.77
8823050,5715646,4245558,2000-01-01,2000-01-02,4678547,40718.57
7869067,9181854,8712253,2000-01-01,2000-01-02,8759860,5363.69
8851723,2993726,6929136,2000-01-01,2000-01-02,2760466,71184.16
3972791,6621185,8478665,2000-01-01,2000-01-02,7309419,89348.11
9370237,558573,1018603,2000-01-01,2000-01-02,9942249,21207.63
7503694,7501536,2508328,2000-01-01,2000-01-02,5845168,42221.83
3576857,2993726,8954010,2000-01-01,2000-01-02,1239810,66215.82
5859622,2640581,5034028,2000-01-01,2000-01-02,5355814,66337.19
3245110,197442,6710711,2000-01-01,2000-01-02,7295967,67837.10
6647122,3386554,3610600,2000-01-01,2000-01-02,4657440,64920.00
6290682,5533035,5761724,2000-01-01,2000-01-02,9129184,39839.25
1374488,2087572,3610600,2000-01-01,2000-01-02,9786862,29704.72
5518412,8650274,6125198,2000-01-01,2000-01-02,3673426,26341.08
6585796,4348798,1185992,2000-01-01,2000-01-02,7918197,65702.46
2616509,8650274,7385692,2000-01-01,2000-01-02,2881390,70758.53
8397915,3637415,5034028,2000-01-01,2000-01-02,2213346,93387.18
7674273,9726580,8481621,2000-01-01,2000-01-02,8735923,58687.47
9126713,940723,1812989,2000-01-01,2000-01-02,6979036,11501.05
6962273,517759,3653980,2000-01-01,2000-01-02,7639184,22773.57
6939700,2804461,4920069,2000-01-01,2000-01-02,1883551,21317.60
5399959,9181854,2317009,2000-01-01,2000-01-02,2673267,3056.24
2769483,5533035,2859126,2000-01-01,2000-01-02,7880198,50064.82
6543509,5302916,5947658,2000-01-01,2000-01-02,3971614,10492.22
7698067,4348798,5095210,2000-01-01,2000-01-02,6042379,51147.27
139380,3892656,5994761,2000-01-01,2000-01-02,6117631,1601.44
4379096,5601900,3363118,2000-01-01,2000-01-02,8773236,47861.22
7007732,857777,3974589,2000-01-01,2000-01-02,6672996,13899.12
9852172,940723,7105233,2000-01-01,2000-01-02,995695,12669.90
274675,7196942,6927611,2000-01-01,2000-01-02,2809341,50090.25
903457,2650916,6692041,2000-01-01,2000-01-02,4043412,44099.05
2235435,2804461,3420828,2000-01-01,2000-01-02,3515857,74205.50
4729842,2640581,7275987,2000-01-01,2000-01-02,9023822,78650.55
3821892,5302916,9203617,2000-01-01,2000-01-02,3896177,33313.32
3873435,5384109,763954,2000-01-01,2000-01-02,1223881,17757.58
5186350,1167756,7187075,2000-01-01,2000-01-02,784024,58558.60
5871332,5302916,3363118,2000-01-01,2000-01-02,7739444,73684.78
6272006,5715646,2433540,2000-01-01,2000-01-02,3699564,67823.15
3140382,8160525,1175038,2000-01-01,2000-01-02,2453374,68529.94
7144083,4348798,9203617,2000-01-01,2000-01-02,9070804,93201.42
1305382,2650916,1339337,2000-01-01,2000-01-02,4152720,24952.45
131703,6493336,1119153,2000-01-01,2000-01-02,3805129,46419.93
2001626,8650274,8669842,2000-01-01,2000-01-02,2952388,82507.86
5227859,1583966,7265535,2000-01-01,2000-01-02,825115,13685.45
9465090,1583966,6051952,2000-01-01,2000-01-02,9925350,81742.07
1499313,7501536,1004716,2000-01-01,2000-01-02,6437706,40761.07
5980,476026,4780433,2000-01-01,2000-01-02,3382766,50947.23
2332686,2939981,6051952,2000-01-01,2000-01-02,7516635,88702.04
6449091,929998,7240613,2000-01-01,2000-01-02,3893134,60269.25
8071750,1588029,8558693,2000-01-01,2000-01-02,800291,53619.29
4681362,3637415,9942032,2000-01-01,2000-01-02,6522538,48982.03
4427553,857777,6062424,2000-01-01,2000-01-02,44821,64826.12
5771213,5384109,6929136,2000-01-01,2000-01-02,8046729,74535.60
2325640,4154800,6289733,2000-01-01,2000-01-02,3504376,60573.07
7494887,9684309,3653980,2000-01-01,2000-01-02,421150,7633.76
318277,8160525,6057628,2000-01-01,2000-01-02,7604550,75080.60
909258,2650916,2566920,2000-01-01,2000-01-02,3473575,79814.85
8891561,4332756,3363118,2000-01-01,2000-01-02,7163168,24591.19
4145461,2993726,3420828,2000-01-01,2000-01-02,9577899,23279.44
8010821,8407096,5257543,2000-01-01,2000-01-02,1383833,18904.16
4987083,3757650,4031863,2000-01-01,2000-01-02,3718550,42831.16
7730899,5533035,4804320,2000-01-01,2000-01-02,4787629,93998.81
4482414,3757650,7045735,2000-01-01,2000-01-02,1000724,66847.70
3260236,6113609,3153791,2000-01-01,2000-01-02,5918600,469.42
5195816,6113609,2433540,2000-01-01,2000-01-02,4179256,54506.35
1409500,3892656,2317009,2000-01-01,2000-01-02,3952173,17057.65
8782054,2640581,1547392,2000-01-01,2000-01-02,6967835,22537.46
8495399,5579940,6859811,2000-01-01,2000-01-02,2721005,62598.78
4256125,6808922,8868926,2000-01-01,2000-01-02,2178111,44923.15
3378574,857777,1432624,2000-01-01,2000-01-02,9348134,16364.89
5160733,4332756,2888702,2000-01-01,2000-01-02,4278330,39652.32
6396390,4556743,6944540,2000-01-01,2000-01-02,2805164,78020.49
6669509,5715646,6024470,2000-01-01,2000-01-02,5217863,88367.47
2232715,7586710,1432624,2000-01-01,2000-01-02,8517358,76575.62
3125710,7972876,7265535,2000-01-01,2000-01-02,327648,95378.83
58491,517759,2450832,2000-01-01,2000-01-02,2484301,3835.75
1281098,3637415,3363118,2000-01-01,2000-01-02,167746,72340.92
4710702,2250469,8746475,2000-01-01,2000-01-02,6583129,88890.23
3217472,2774009,195160,2000-01-01,2000-01-02,1744263,62842.99
7333543,6493336,4780433,2000-01-01,2000-01-02,855708,42952.78
8220335,5108124,3773861,2000-01-01,2000-01-02,655084,9758.96
7641306,3637415,3136646,2000-01-01,2000-01-02,381144,60298.68
